0.4,0.166667,0.0,0.0
0.4,0.5,0.0,0.0
0.4,0.833333,3.92105,0.494006
0.4,1.16667,45.9945,1.69194
0.4,1.5,200.409,3.53175
0.4,1.83333,480.048,5.46605
0.4,2.16667,853.108,7.28673
0.4,2.5,1327.18,9.08858
0.4,2.83333,1805.3,10.6
0.4,3.16667,2309.87,11.9901
0.4,3.5,2813.88,13.2338
0.4,3.83333,3312.29,14.358
0.4,4.16667,3681.61,15.1374
0.4,4.5,3757.61,15.2928
0.4,4.83333,3671.41,15.1164
0.4,5.16667,3366.5,14.475
0.4,5.5,2938.61,13.5239
0.4,5.83333,2492.54,12.4552
0.4,6.16667,2073.11,11.3591
0.4,6.5,1652.69,10.1421
0.4,6.83333,1315.67,9.04907
0.4,7.16667,1039.08,8.04183
0.4,7.5,796.533,7.04097
0.4,7.83333,620.397,6.21392
0.4,8.16667,478.181,5.4554
0.4,8.5,349.782,4.66584
0.4,8.83333,282.502,4.19316
0.4,9.16667,220.263,3.70256
0.4,9.5,167.174,3.22563
0.4,9.83333,142.278,2.97577
0.4,10.1667,119.187,2.72362
0.4,10.5,87.5701,2.33458
0.4,10.8333,82.4042,2.26467
0.4,11.1667,66.2221,2.03017
0.4,11.5,56.5751,1.87648
0.4,11.8333,50.1645,1.76697
0.4,12.1667,39.7084,1.57207
0.4,12.5,41.0776,1.59894
0.4,12.8333,30.0614,1.36784
0.4,13.1667,28.5054,1.33197
0.4,13.5,23.3396,1.20525
0.4,13.8333,24.0864,1.22438
0.4,14.1667,19.9164,1.11336
0.4,14.5,18.7339,1.0798
0.4,14.8333,19.1696,1.09229
0.4,15.1667,17.3024,1.03773
0.4,15.5,15.4975,0.982112
0.4,15.8333,14.1905,0.939786
0.4,16.1667,15.3108,0.976178
0.4,16.5,13.1946,0.906211
0.4,16.8333,11.7631,0.855643
0.4,17.1667,11.3275,0.839648
0.4,17.5,10.4561,0.806708
0.4,17.8333,10.5806,0.811495
0.4,18.1667,11.9499,0.862407
0.4,18.5,13.3814,0.912601
0.4,18.8333,12.1988,0.871344
0.4,19.1667,10.0205,0.789722
0.4,19.5,7.28195,0.673216
0.4,19.8333,7.03299,0.661608
0.4,20.1667,6.90851,0.655727
0.4,20.5,4.97911,0.556681
0.4,20.8333,5.85045,0.603428
0.4,21.1667,4.66791,0.539004
0.4,21.5,4.17,0.509447
0.4,21.8333,4.35672,0.520728
0.4,22.1667,4.29448,0.516995
0.4,22.5,3.60985,0.473997
0.4,22.8333,3.48538,0.465753
0.4,23.1667,3.73433,0.4821
0.4,23.5,3.11194,0.440095
0.4,23.8333,2.80075,0.417511
0.4,24.1667,3.92105,0.494006
0.4,24.5,3.42314,0.461576
0.4,24.8333,3.67209,0.478066
0.4,25.1667,3.48538,0.465753
0.4,25.5,3.42314,0.461576
0.4,25.8333,2.98746,0.431203
0.4,26.1667,3.0497,0.435672
0.4,26.5,2.11612,0.362912
0.4,26.8333,2.61403,0.403354
0.4,27.1667,1.80493,0.335166
0.4,27.5,3.48538,0.465753
0.4,27.8333,1.9294,0.346531
0.4,28.1667,1.61821,0.317357
0.4,28.5,1.36925,0.291926
0.4,28.8333,1.74269,0.329337
0.4,29.1667,1.24478,0.278341
0.4,29.5,2.11612,0.362912
0.4,29.8333,1.61821,0.317357
0.4,30.1667,1.36925,0.291926
0.4,30.5,1.61821,0.317357
0.4,30.8333,1.30702,0.285214
0.4,31.1667,0.746866,0.215602
0.4,31.5,1.05806,0.256617
0.4,31.8333,1.49373,0.304907
0.4,32.1667,1.36925,0.291926
0.4,32.5,0.684627,0.206423
0.4,32.8333,0.933583,0.24105
0.4,33.1667,0.56015,0.186717
0.4,33.5,0.622388,0.196817
0.4,33.8333,0.622388,0.196817
0.4,34.1667,0.435672,0.164669
0.4,34.5,1.05806,0.256617
0.4,34.8333,0.809105,0.224405
0.4,35.1667,0.933583,0.24105
0.4,35.5,0.809105,0.224405
0.4,35.8333,0.871344,0.232876
0.4,36.1667,0.684627,0.206423
0.4,36.5,0.497911,0.176038
0.4,36.8333,0.622388,0.196817
0.4,37.1667,0.622388,0.196817
0.4,37.5,0.311194,0.13917
0.4,37.8333,0.497911,0.176038
0.4,38.1667,0.622388,0.196817
0.4,38.5,0.373433,0.152453
0.4,38.8333,0.684627,0.206423
0.4,39.1667,0.248955,0.124478
0.4,39.5,0.56015,0.186717
0.4,39.8333,0.497911,0.176038
0.4,40.1667,0.622388,0.196817
0.4,40.5,0.497911,0.176038
0.4,40.8333,0.809105,0.224405
0.4,41.1667,0.995822,0.248955
0.4,41.5,0.56015,0.186717
0.4,41.8333,0.622388,0.196817
0.4,42.1667,0.809105,0.224405
0.4,42.5,0.248955,0.124478
0.4,42.8333,0.373433,0.152453
0.4,43.1667,0.684627,0.206423
0.4,43.5,0.186717,0.107801
0.4,43.8333,0.186717,0.107801
0.4,44.1667,0.311194,0.13917
0.4,44.5,0.435672,0.164669
0.4,44.8333,0.435672,0.164669
0.4,45.1667,0.248955,0.124478
0.4,45.5,0.435672,0.164669
0.4,45.8333,0.248955,0.124478
0.4,46.1667,0.684627,0.206423
0.4,46.5,0.435672,0.164669
0.4,46.8333,0.373433,0.152453
0.4,47.1667,0.248955,0.124478
0.4,47.5,0.373433,0.152453
0.4,47.8333,0.186717,0.107801
0.4,48.1667,0.124478,0.088019
0.4,48.5,0.186717,0.107801
0.4,48.8333,0.311194,0.13917
0.4,49.1667,0.248955,0.124478
0.4,49.5,0.248955,0.124478
0.4,49.8333,0.0622388,0.0622388
0.5,0.433333,0.0,0.0
0.5,1.3,128.385,3.35425
0.5,2.16667,1345.89,10.8603
0.5,3.03333,3994.92,18.7108
0.5,3.9,7250.02,25.2062
0.5,4.76667,10331.3,30.0896
0.5,5.63333,11201.6,31.3312
0.5,6.5,9294.1,28.5392
0.5,7.36667,6532.56,23.9265
0.5,8.23333,4090.62,18.9336
0.5,9.1,2466.48,14.702
0.5,9.96667,1442.56,11.2436
0.5,10.8333,824.818,8.50193
0.5,11.7,505.039,6.65274
0.5,12.5667,302.603,5.14961
0.5,13.4333,216.545,4.35625
0.5,14.3,150.732,3.63447
0.5,15.1667,109.281,3.09464
0.5,16.0333,85.7944,2.742
0.5,16.9,72.2987,2.51712
0.5,17.7667,64.061,2.36938
0.5,18.6333,52.8438,2.15196
0.5,19.5,50.1271,2.09592
0.5,20.3667,45.9206,2.00605
0.5,21.2333,46.4464,2.0175
0.5,22.1,77.8197,2.61146
0.5,22.9667,21.0323,1.35763
0.5,23.8333,28.6566,1.58471
0.5,24.7,29.9711,1.62065
0.5,25.5667,17.7022,1.24552
0.5,26.4333,17.4393,1.23624
0.5,27.3,18.8415,1.28498
0.5,28.1667,15.1608,1.15266
0.5,29.0333,13.3205,1.08043
0.5,29.9,13.7587,1.09806
0.5,30.7667,9.63982,0.919121
0.5,31.6333,11.8307,1.01822
0.5,32.5,7.79949,0.826745
0.5,33.3667,7.36132,0.803186
0.5,34.2333,7.18605,0.793566
0.5,35.1,5.60862,0.701078
0.5,35.9667,6.48497,0.753863
0.5,36.8333,5.52099,0.695579
0.5,37.7,5.52099,0.695579
0.5,38.5667,4.46937,0.625837
0.5,39.4333,4.90755,0.655798
0.5,40.3,3.94356,0.587872
0.5,41.1667,4.46937,0.625837
0.5,42.0333,4.73228,0.643981
0.5,42.9,3.68066,0.567938
0.5,43.7667,4.2941,0.613443
0.5,44.6333,3.06722,0.518454
0.5,45.5,3.33012,0.540217
0.5,46.3667,2.19087,0.438174
0.5,47.2333,1.7527,0.391915
0.5,48.1,1.40216,0.350539
0.5,48.9667,3.15485,0.525809
0.5,49.8333,1.92796,0.411043
0.5,50.7,1.84033,0.401593
0.5,51.5667,1.66506,0.381991
0.5,52.4333,1.84033,0.401593
0.5,53.3,2.2785,0.446851
0.5,54.1667,2.0156,0.420282
0.5,55.0333,0.701078,0.247869
0.5,55.9,1.05162,0.303576
0.5,56.7667,0.876348,0.277125
0.5,57.6333,1.22689,0.327899
0.5,58.5,0.613443,0.23186
0.5,59.3667,1.22689,0.327899
0.5,60.2333,0.525809,0.21466
0.5,61.1,1.22689,0.327899
0.5,61.9667,0.788713,0.262904
0.5,62.8333,0.788713,0.262904
0.5,63.7,0.788713,0.262904
0.5,64.5667,1.22689,0.327899
0.5,65.4333,0.788713,0.262904
0.5,66.3,0.876348,0.277125
0.5,67.1667,0.613443,0.23186
0.5,68.0333,0.701078,0.247869
0.5,68.9,0.350539,0.17527
0.5,69.7667,0.701078,0.247869
0.5,70.6333,0.525809,0.21466
0.5,71.5,0.788713,0.262904
0.5,72.3667,0.17527,0.123934
0.5,73.2333,0.438174,0.195957
0.5,74.1,0.262904,0.151788
0.5,74.9667,0.438174,0.195957
0.5,75.8333,0.525809,0.21466
0.5,76.7,1.13925,0.315972
0.5,77.5667,0.613443,0.23186
0.5,78.4333,0.701078,0.247869
0.5,79.3,0.17527,0.123934
0.5,80.1667,0.350539,0.17527
0.5,81.0333,0.613443,0.23186
0.5,81.9,0.0876348,0.0876348
0.5,82.7667,0.350539,0.17527
0.5,83.6333,0.262904,0.151788
0.5,84.5,0.17527,0.123934
0.5,85.3667,0.262904,0.151788
0.5,86.2333,0.350539,0.17527
0.5,87.1,0.262904,0.151788
0.5,87.9667,0.350539,0.17527
0.5,88.8333,0.0,0.0
0.5,89.7,0.0876348,0.0876348
0.5,90.5667,0.17527,0.123934
0.5,91.4333,0.0876348,0.0876348
0.5,92.3,0.262904,0.151788
0.5,93.1667,0.17527,0.123934
0.5,94.0333,0.262904,0.151788
0.5,94.9,0.0,0.0
0.5,95.7667,0.0876348,0.0876348
0.5,96.6333,0.17527,0.123934
0.5,97.5,0.17527,0.123934
0.5,98.3667,0.0876348,0.0876348
0.5,99.2333,0.0876348,0.0876348
0.5,100.1,0.350539,0.17527
0.5,100.967,0.0876348,0.0876348
0.5,101.833,0.350539,0.17527
0.5,102.7,0.262904,0.151788
0.5,103.567,0.17527,0.123934
0.5,104.433,0.0876348,0.0876348
0.5,105.3,0.262904,0.151788
0.5,106.167,0.350539,0.17527
0.5,107.033,0.438174,0.195957
0.5,107.9,0.262904,0.151788
0.5,108.767,0.525809,0.21466
0.5,109.633,0.350539,0.17527
0.5,110.5,0.17527,0.123934
0.5,111.367,0.438174,0.195957
0.5,112.233,0.262904,0.151788
0.5,113.1,0.17527,0.123934
0.5,113.967,0.0,0.0
0.5,114.833,0.0876348,0.0876348
0.5,115.7,0.350539,0.17527
0.5,116.567,0.262904,0.151788
0.5,117.433,0.262904,0.151788
0.5,118.3,0.0876348,0.0876348
0.5,119.167,0.17527,0.123934
0.5,120.033,0.262904,0.151788
0.5,120.9,0.262904,0.151788
0.5,121.767,0.17527,0.123934
0.5,122.633,0.262904,0.151788
0.5,123.5,0.0,0.0
0.5,124.367,0.0,0.0
0.5,125.233,0.0876348,0.0876348
0.5,126.1,0.0,0.0
0.5,126.967,0.17527,0.123934
0.5,127.833,0.17527,0.123934
0.5,128.7,0.0876348,0.0876348
0.5,129.567,0.0876348,0.0876348
0.7,0.433333,0.0,0.0
0.7,1.3,11.9788,1.57289
0.7,2.16667,350.276,8.50545
0.7,3.03333,1620.23,18.2928
0.7,3.9,3824.33,28.1041
0.7,4.76667,6774.0,37.4037
0.7,5.63333,9768.28,44.916
0.7,6.5,12864.8,51.5459
0.7,7.36667,14871.4,55.4203
0.7,8.23333,14745.5,55.1851
0.7,9.1,13188.6,52.1906
0.7,9.96667,11137.8,47.9614
0.7,10.8333,8619.35,42.1919
0.7,11.7,6599.69,36.9193
0.7,12.5667,4960.87,32.0089
0.7,13.4333,3806.57,28.0388
0.7,14.3,2916.83,24.5442
0.7,15.1667,2263.99,21.6237
0.7,16.0333,1865.59,19.6291
0.7,16.9,1470.7,17.4283
0.7,17.7667,1257.98,16.1187
0.7,18.6333,1118.36,15.1979
0.7,19.5,1001.88,14.3847
0.7,20.3667,883.125,13.5053
0.7,21.2333,811.046,12.9424
0.7,22.1,755.489,12.4913
0.7,22.9667,691.878,11.9538
0.7,23.8333,653.05,11.6136
0.7,24.7,620.418,11.3197
0.7,25.5667,549.991,10.6579
0.7,26.4333,525.827,10.4211
0.7,27.3,503.935,10.2019
0.7,28.1667,480.597,9.96283
0.7,29.0333,468.618,9.83789
0.7,29.9,430.823,9.43282
0.7,30.7667,421.942,9.3351
0.7,31.6333,395.506,9.03793
0.7,32.5,397.365,9.05914
0.7,33.3667,364.527,8.67675
0.7,34.2333,348.83,8.48788
0.7,35.1,356.678,8.58283
0.7,35.9667,325.286,8.19643
0.7,36.8333,305.872,7.94808
0.7,37.7,306.698,7.9588
0.7,38.5667,286.665,7.69448
0.7,39.4333,278.816,7.58842
0.7,40.3,263.12,7.37173
0.7,41.1667,243.706,7.09456
0.7,42.0333,242.26,7.07349
0.7,42.9,229.662,6.88711
0.7,43.7667,229.869,6.89021
0.7,44.6333,213.346,6.63796
0.7,45.5,197.03,6.37909
0.7,46.3667,202.194,6.46213
0.7,47.2333,187.736,6.22682
0.7,48.1,186.497,6.20624
0.7,48.9667,195.998,6.36235
0.7,49.8333,167.496,5.88159
0.7,50.7,169.562,5.91774
0.7,51.5667,164.605,5.83061
0.7,52.4333,154.278,5.64475
0.7,53.3,142.093,5.41725
0.7,54.1667,157.376,5.70114
0.7,55.0333,130.114,5.18388
0.7,55.9,130.114,5.18388
0.7,56.7667,130.321,5.18799
0.7,57.6333,120.407,4.98676
0.7,58.5,110.081,4.76813
0.7,59.3667,110.494,4.77707
0.7,60.2333,114.625,4.86554
0.7,61.1,96.6564,4.46794
0.7,61.9667,96.2433,4.45838
0.7,62.8333,96.4498,4.46317
0.7,63.7,90.8735,4.33222
0.7,64.5667,81.3731,4.09952
0.7,65.4333,84.058,4.1666
0.7,66.3,82.8188,4.13577
0.7,67.1667,81.3731,4.09952
0.7,68.0333,75.5902,3.95116
0.7,68.9,64.8506,3.65973
0.7,69.7667,68.3617,3.7575
0.7,70.6333,75.1772,3.94035
0.7,71.5,57.8286,3.45592
0.7,72.3667,57.8286,3.45592
0.7,73.2333,55.9698,3.39992
0.7,74.1,53.698,3.33021
0.7,74.9667,54.7306,3.36208
0.7,75.8333,50.6,3.23272
0.7,76.7,49.1543,3.1862
0.7,77.5667,53.0784,3.31094
0.7,78.4333,44.8172,3.04239
0.7,79.3,45.2302,3.05637
0.7,80.1667,39.2408,2.84683
0.7,81.0333,45.8498,3.07724
0.7,81.9,36.3494,2.73994
0.7,82.7667,37.7951,2.7939
0.7,83.6333,38.4147,2.8167
0.7,84.5,38.2082,2.80912
0.7,85.3667,35.9363,2.72433
0.7,86.2333,36.1429,2.73214
0.7,87.1,39.0343,2.83933
0.7,87.9667,31.8057,2.56298
0.7,88.8333,29.7404,2.47837
0.7,89.7,34.6972,2.67694
0.7,90.5667,28.5012,2.42619
0.7,91.4333,33.6645,2.63681
0.7,92.3,29.9469,2.48696
0.7,93.1667,25.4033,2.29054
0.7,94.0333,21.6857,2.11631
0.7,94.9,21.2727,2.09606
0.7,95.7667,28.7078,2.43496
0.7,96.6333,28.2947,2.41738
0.7,97.5,24.1641,2.23397
0.7,98.3667,19.6204,2.01301
0.7,99.2333,22.5118,2.15624
0.7,100.1,20.0335,2.03409
0.7,100.967,19.8269,2.02358
0.7,101.833,18.7943,1.97018
0.7,102.7,21.8923,2.12636
0.7,103.567,17.3486,1.89288
0.7,104.433,15.0767,1.7646
0.7,105.3,20.0335,2.03409
0.7,106.167,17.7616,1.91529
0.7,107.033,20.0335,2.03409
0.7,107.9,18.1747,1.93743
0.7,108.767,15.4898,1.78861
0.7,109.633,13.631,1.67786
0.7,110.5,13.218,1.65225
0.7,111.367,15.6963,1.80049
0.7,112.233,16.729,1.85878
0.7,113.1,13.0114,1.63929
0.7,113.967,12.8049,1.62622
0.7,114.833,12.5984,1.61306
0.7,115.7,14.4571,1.72796
0.7,116.567,11.5657,1.54553
0.7,117.433,13.4245,1.6651
0.7,118.3,10.12,1.44571
0.7,119.167,9.50041,1.40076
0.7,120.033,13.8376,1.69053
0.7,120.9,7.4351,1.23918
0.7,121.767,10.9461,1.50357
0.7,122.633,9.29388,1.38545
0.7,123.5,9.70694,1.4159
0.7,124.367,9.29388,1.38545
0.7,125.233,8.88082,1.35431
0.7,126.1,8.0547,1.28978
0.7,126.967,8.0547,1.28978
0.7,127.833,8.67429,1.33847
0.7,128.7,8.0547,1.28978
0.7,129.567,6.40245,1.14991
1.0,0.433333,0.0,0.0
1.0,1.3,0.0,0.0
1.0,2.16667,17.7018,2.4548
1.0,3.03333,184.507,7.92528
1.0,3.9,612.755,14.4428
1.0,4.76667,1381.76,21.6882
1.0,5.63333,2428.89,28.7549
1.0,6.5,3567.94,34.8511
1.0,7.36667,5039.57,41.4194
1.0,8.23333,6606.53,47.4235
1.0,9.1,8255.18,53.0116
1.0,9.96667,9516.77,56.9183
1.0,10.8333,10519.3,59.8413
1.0,11.7,10927.1,60.9903
1.0,12.5667,10704.8,60.3667
1.0,13.4333,10256.2,59.0881
1.0,14.3,9476.26,56.7971
1.0,15.1667,8696.36,54.4097
1.0,16.0333,7855.53,51.7124
1.0,16.9,7052.82,48.9992
1.0,17.7667,6419.98,46.7492
1.0,18.6333,5794.62,44.414
1.0,19.5,5238.38,42.2285
1.0,20.3667,4889.79,40.7993
1.0,21.2333,4515.67,39.2074
1.0,22.1,4089.12,37.3098
1.0,22.9667,3879.42,36.3405
1.0,23.8333,3655.09,35.2741
1.0,24.7,3462.07,34.3301
1.0,25.5667,3214.92,33.0821
1.0,26.4333,3092.37,32.4454
1.0,27.3,2974.25,31.8197
1.0,28.1667,2781.23,30.7699
1.0,29.0333,2698.17,30.3069
1.0,29.9,2493.57,29.1352
1.0,30.7667,2356.39,28.3224
1.0,31.6333,2262.77,27.7541
1.0,32.5,2158.6,27.1078
1.0,33.3667,2074.18,26.5724
1.0,34.2333,1968.99,25.8898
1.0,35.1,1914.18,25.5269
1.0,35.9667,1899.2,25.4269
1.0,36.8333,1756.23,24.451
1.0,37.7,1733.76,24.2941
1.0,38.5667,1594.19,23.2958
1.0,39.4333,1624.48,23.5161
1.0,40.3,1464.83,22.3306
1.0,41.1667,1399.13,21.8241
1.0,42.0333,1396.74,21.8055
1.0,42.9,1285.42,20.9185
1.0,43.7667,1307.89,21.1005
1.0,44.6333,1207.47,20.2743
1.0,45.5,1148.92,19.7766
1.0,46.3667,1180.24,20.0443
1.0,47.2333,1087.64,19.242
1.0,48.1,1020.92,18.6424
1.0,48.9667,1020.58,18.6393
1.0,49.8333,951.473,17.9972
1.0,50.7,957.941,18.0583
1.0,51.5667,939.218,17.8809
1.0,52.4333,869.432,17.2038
1.0,53.3,839.815,16.9083
1.0,54.1667,856.836,17.0788
1.0,55.0333,771.732,16.2084
1.0,55.9,741.094,15.8834
1.0,56.7667,718.626,15.6408
1.0,57.6333,719.988,15.6556
1.0,58.5,631.479,14.6618
1.0,59.3667,653.265,14.9126
1.0,60.2333,666.201,15.0595
1.0,61.1,613.096,14.4468
1.0,61.9667,555.565,13.7523
1.0,62.8333,526.97,13.3937
1.0,63.7,560.671,13.8153
1.0,64.5667,505.183,13.1139
1.0,65.4333,479.651,12.7782
1.0,66.3,501.098,13.0608
1.0,67.1667,497.013,13.0074
1.0,68.0333,418.376,11.9341
1.0,68.9,422.801,11.9971
1.0,69.7667,419.057,11.9438
1.0,70.6333,433.014,12.1411
1.0,71.5,389.44,11.514
1.0,72.3667,356.419,11.0151
1.0,73.2333,353.696,10.9729
1.0,74.1,358.462,11.0466
1.0,74.9667,349.611,10.9094
1.0,75.8333,323.399,10.4924
1.0,76.7,296.165,10.0409
1.0,77.5667,305.016,10.1899
1.0,78.4333,298.889,10.087
1.0,79.3,286.293,9.87217
1.0,80.1667,250.549,9.23536
1.0,81.0333,239.996,9.03877
1.0,81.9,261.442,9.43399
1.0,82.7667,261.102,9.42784
1.0,83.6333,231.485,8.87706
1.0,84.5,204.252,8.33855
1.0,85.3667,197.784,8.20546
1.0,86.2333,217.528,8.60528
1.0,87.1,215.486,8.56479
1.0,87.9667,202.209,8.29675
1.0,88.8333,182.125,7.87393
1.0,89.7,179.401,7.81484
1.0,90.5667,183.827,7.91064
1.0,91.4333,176.678,7.7553
1.0,92.3,175.316,7.72535
1.0,93.1667,147.061,7.07549
1.0,94.0333,157.274,7.31704
1.0,94.9,151.487,7.18116
1.0,95.7667,158.976,7.35653
1.0,96.6333,150.466,7.15691
1.0,97.5,140.593,6.91815
1.0,98.3667,119.147,6.36867
1.0,99.2333,122.211,6.45003
1.0,100.1,125.955,6.5481
1.0,100.967,123.913,6.49479
1.0,101.833,126.636,6.56578
1.0,102.7,127.998,6.60098
1.0,103.567,108.594,6.08009
1.0,104.433,103.488,5.93542
1.0,105.3,114.381,6.24
1.0,106.167,107.232,6.04185
1.0,107.033,106.892,6.03225
1.0,107.9,102.126,5.89624
1.0,108.767,90.2112,5.54163
1.0,109.633,86.807,5.43607
1.0,110.5,88.1687,5.47854
1.0,111.367,81.0199,5.25174
1.0,112.233,85.4454,5.39326
1.0,113.1,80.3391,5.22963
1.0,113.967,94.2963,5.66571
1.0,114.833,75.5732,5.07214
1.0,115.7,67.7435,4.80221
1.0,116.567,67.0627,4.77802
1.0,117.433,76.5944,5.1063
1.0,118.3,71.4881,4.93315
1.0,119.167,69.1052,4.85023
1.0,120.033,79.9986,5.21854
1.0,120.9,54.8076,4.31944
1.0,121.767,53.1055,4.25184
1.0,122.633,59.5735,4.50333
1.0,123.5,56.5097,4.386
1.0,124.367,57.5309,4.42546
1.0,125.233,57.5309,4.42546
1.0,126.1,60.9351,4.55451
1.0,126.967,52.4246,4.2245
1.0,127.833,52.4246,4.2245
1.0,128.7,40.8504,3.72911
1.0,129.567,49.0204,4.08504
1.5,0.433333,0.0,0.0
1.5,1.3,0.0,0.0
1.5,2.16667,0.0,0.0
1.5,3.03333,6.72277,2.02699
1.5,3.9,75.1728,6.77811
1.5,4.76667,259.132,12.5846
1.5,5.63333,550.656,18.345
1.5,6.5,985.192,24.538
1.5,7.36667,1590.85,31.1812
1.5,8.23333,2307.13,37.5504
1.5,9.1,3182.93,44.1053
1.5,9.96667,4122.28,50.1934
1.5,10.8333,4980.96,55.174
1.5,11.7,6205.12,61.5819
1.5,12.5667,7149.98,66.1044
1.5,13.4333,8604.54,72.5173
1.5,14.3,9496.83,76.1846
1.5,15.1667,10385.5,79.6693
1.5,16.0333,11165.3,82.6063
1.5,16.9,11582.1,84.1341
1.5,17.7667,11872.4,85.1819
1.5,18.6333,11720.2,84.6342
1.5,19.5,11692.1,84.5327
1.5,20.3667,11605.3,84.2184
1.5,21.2333,11169.6,82.6221
1.5,22.1,10871.9,81.5139
1.5,22.9667,10548.6,80.2927
1.5,23.8333,10118.4,78.6382
1.5,24.7,9644.74,76.7756
1.5,25.5667,9324.49,75.4902
1.5,26.4333,8922.34,73.8444
1.5,27.3,8592.93,72.4684
1.5,28.1667,8130.28,70.4905
1.5,29.0333,7835.09,69.199
1.5,29.9,7237.98,66.51
1.5,30.7667,7203.76,66.3525
1.5,31.6333,6774.11,64.3434
1.5,32.5,6654.32,63.772
1.5,33.3667,6107.95,61.0978
1.5,34.2333,5999.77,60.5543
1.5,35.1,5592.13,58.461
1.5,35.9667,5550.57,58.2434
1.5,36.8333,5089.75,55.7733
1.5,37.7,5350.72,57.1852
1.5,38.5667,4788.45,54.0973
1.5,39.4333,4752.39,53.8932
1.5,40.3,4561.71,52.8009
1.5,41.1667,4254.29,50.9908
1.5,42.0333,4360.02,51.6205
1.5,42.9,3896.76,48.8011
1.5,43.7667,3875.37,48.667
1.5,44.6333,3701.8,47.5647
1.5,45.5,3500.73,46.2549
1.5,46.3667,3504.4,46.2791
1.5,47.2333,3236.1,44.4722
1.5,48.1,3130.98,43.7439
1.5,48.9667,3102.87,43.5471
1.5,49.8333,2857.79,41.792
1.5,50.7,2814.4,41.4735
1.5,51.5667,2804.62,41.4014
1.5,52.4333,2582.77,39.7302
1.5,53.3,2477.65,38.9133
1.5,54.1667,2506.37,39.1382
1.5,55.0333,2266.19,37.2157
1.5,55.9,2230.13,36.9184
1.5,56.7667,2154.95,36.2908
1.5,57.6333,2086.5,35.7098
1.5,58.5,1926.99,34.3177
1.5,59.3667,1964.27,34.648
1.5,60.2333,1890.32,33.9896
1.5,61.1,1807.81,33.2395
1.5,61.9667,1689.86,32.1369
1.5,62.8333,1699.03,32.2239
1.5,63.7,1683.14,32.0729
1.5,64.5667,1488.18,30.1582
1.5,65.4333,1433.78,29.6019
1.5,66.3,1431.95,29.583
1.5,67.1667,1378.78,29.0285
1.5,68.0333,1235.77,27.4819
1.5,68.9,1199.1,27.0711
1.5,69.7667,1172.21,26.7658
1.5,70.6333,1189.32,26.9605
1.5,71.5,1148.98,26.4993
1.5,72.3667,1035.92,25.1617
1.5,73.2333,1051.81,25.354
1.5,74.1,993.137,24.6367
1.5,74.9667,1034.08,25.1395
1.5,75.8333,910.019,23.5832
1.5,76.7,925.298,23.7804
1.5,77.5667,891.684,23.3444
1.5,78.4333,875.794,23.1355
1.5,79.3,826.901,22.4804
1.5,80.1667,772.508,21.7285
1.5,81.0333,747.45,21.3732
1.5,81.9,728.504,21.1006
1.5,82.7667,781.064,21.8485
1.5,83.6333,677.167,20.3435
1.5,84.5,652.109,19.9636
1.5,85.3667,646.609,19.8792
1.5,86.2333,619.106,19.4518
1.5,87.1,656.387,20.0289
1.5,87.9667,598.327,19.1226
1.5,88.8333,513.375,17.7131
1.5,89.7,525.599,17.9228
1.5,90.5667,536.6,18.1094
1.5,91.4333,496.263,17.4154
1.5,92.3,510.931,17.6709
1.5,93.1667,471.205,16.97
1.5,94.0333,474.872,17.0359
1.5,94.9,466.316,16.8818
1.5,95.7667,450.426,16.5916
1.5,96.6333,472.428,16.992
1.5,97.5,436.369,16.3307
1.5,98.3667,351.418,14.6551
1.5,99.2333,340.417,14.4239
1.5,100.1,344.084,14.5014
1.5,100.967,363.03,14.8953
1.5,101.833,378.309,15.2055
1.5,102.7,359.363,14.8199
1.5,103.567,356.307,14.7567
1.5,104.433,329.416,14.1889
1.5,105.3,308.025,13.7205
1.5,106.167,310.47,13.7749
1.5,107.033,313.526,13.8425
1.5,107.9,341.639,14.4498
1.5,108.767,275.023,12.9647
1.5,109.633,248.743,12.3297
1.5,110.5,256.077,12.5102
1.5,111.367,254.243,12.4653
1.5,112.233,240.798,12.1312
1.5,113.1,244.464,12.2232
1.5,113.967,237.131,12.0385
1.5,114.833,207.795,11.2693
1.5,115.7,203.517,11.1526
1.5,116.567,221.852,11.6442
1.5,117.433,214.518,11.4501
1.5,118.3,205.35,11.2028
1.5,119.167,201.072,11.0855
1.5,120.033,231.63,11.898
1.5,120.9,185.182,10.6384
1.5,121.767,188.849,10.7432
1.5,122.633,171.736,10.2449
1.5,123.5,183.96,10.6033
1.5,124.367,169.292,10.1717
1.5,125.233,185.182,10.6384
1.5,126.1,173.57,10.2995
1.5,126.967,133.233,9.02369
1.5,127.833,141.178,9.28885
1.5,128.7,147.29,9.48777
1.5,129.567,156.457,9.77858
2,0.433333,0.0,0.0
2,1.3,0.0,0.0
2,2.16667,0.0,0.0
2,3.03333,0.0,0.0
2,3.9,5.47644,1.7318
2,4.76667,22.4534,3.50663
2,5.63333,96.3853,7.26531
2,6.5,213.581,10.8151
2,7.36667,452.354,15.7394
2,8.23333,621.576,18.45
2,9.1,906.35,22.2791
2,9.96667,1287.51,26.5537
2,10.8333,1649.5,30.0556
2,11.7,2186.19,34.6014
2,12.5667,2578.85,37.5805
2,13.4333,3144.57,41.4982
2,14.3,3697.14,44.9969
2,15.1667,4307.22,48.5677
2,16.0333,4852.67,51.5513
2,16.9,5375.67,54.2582
2,17.7667,6238.76,58.4518
2,18.6333,6746.97,60.786
2,19.5,7286.95,63.1716
2,20.3667,7813.23,65.4131
2,21.2333,8163.18,66.8619
2,22.1,8639.08,68.7833
2,22.9667,8705.89,69.0487
2,23.8333,8766.13,69.2872
2,24.7,8904.69,69.8326
2,25.5667,8820.35,69.5011
2,26.4333,8822.54,69.5098
2,27.3,8613.89,68.6829
2,28.1667,8476.43,68.1327
2,29.0333,8348.83,67.6179
2,29.9,8007.65,66.2219
2,30.7667,8044.34,66.3734
2,31.6333,7493.41,64.0603
2,32.5,7485.74,64.0275
2,33.3667,7049.27,62.1328
2,34.2333,6975.89,61.8086
2,35.1,6556.94,59.9238
2,35.9667,6488.48,59.6102
2,36.8333,6157.16,58.0683
2,37.7,6032.84,57.4791
2,38.5667,5739.31,56.0633
2,39.4333,5611.16,55.4339
2,40.3,5432.63,54.5449
2,41.1667,5072.28,52.7048
2,42.0333,4985.75,52.2534
2,42.9,4644.57,50.4338
2,43.7667,4621.02,50.3058
2,44.6333,4507.11,49.6819
2,45.5,4122.11,47.5126
2,46.3667,4129.23,47.5536
2,47.2333,3935.92,46.4271
2,48.1,3714.67,45.1034
2,48.9667,3728.91,45.1897
2,49.8333,3512.59,43.8594
2,50.7,3331.32,42.7127
2,51.5667,3278.74,42.3743
2,52.4333,3123.76,41.3607
2,53.3,2858.15,39.5632
2,54.1667,3015.87,40.6402
2,55.0333,2822.56,39.3161
2,55.9,2669.76,38.2371
2,56.7667,2521.35,37.1591
2,57.6333,2619.93,37.8786
2,58.5,2328.03,35.7062
2,59.3667,2248.63,35.092
2,60.2333,2303.94,35.5209
2,61.1,2185.65,34.597
2,61.9667,1989.04,33.0043
2,62.8333,1947.97,32.6618
2,63.7,1992.33,33.0316
2,64.5667,1851.58,31.8435
2,65.4333,1736.58,30.8387
2,66.3,1711.93,30.6191
2,67.1667,1730.55,30.7852
2,68.0333,1548.74,29.1231
2,68.9,1483.02,28.4985
2,69.7667,1444.68,28.1278
2,70.6333,1469.33,28.3667
2,71.5,1373.49,27.426
2,72.3667,1281.49,26.4915
2,73.2333,1251.37,26.1783
2,74.1,1232.75,25.9828
2,74.9667,1255.75,26.2241
2,75.8333,1072.83,24.239
2,76.7,1042.71,23.8963
2,77.5667,1019.16,23.625
2,78.4333,1053.12,24.0153
2,79.3,1014.24,23.5678
2,80.1667,893.207,22.1169
2,81.0333,880.611,21.9604
2,81.9,854.872,21.6371
2,82.7667,899.231,22.1914
2,83.6333,861.991,21.727
2,84.5,761.772,20.425
2,85.3667,731.652,20.0171
2,86.2333,749.177,20.2554
2,87.1,787.512,20.7672
2,87.9667,732.747,20.0321
2,88.8333,600.217,18.1302
2,89.7,615.552,18.3604
2,90.5667,667.578,19.1205
2,91.4333,640.195,18.7243
2,92.3,601.313,18.1468
2,93.1667,549.834,17.3526
2,94.0333,499.451,16.5385
2,94.9,495.07,16.4658
2,95.7667,488.498,16.3561
2,96.6333,510.404,16.7188
2,97.5,522.452,16.915
2,98.3667,441.948,15.5573
2,99.2333,445.782,15.6246
2,100.1,454.544,15.7775
2,100.967,435.924,15.4509
2,101.833,424.424,15.2458
2,102.7,406.899,14.9277
2,103.567,359.254,14.0265
2,104.433,351.587,13.876
2,105.3,341.73,13.6801
2,106.167,346.111,13.7675
2,107.033,357.064,13.9837
2,107.9,346.658,13.7784
2,108.767,305.585,12.9365
2,109.633,264.512,12.0357
2,110.5,277.108,12.3189
2,111.367,294.085,12.6907
2,112.233,268.893,12.135
2,113.1,271.631,12.1966
2,113.967,302.847,12.8784
2,114.833,249.726,11.6945
2,115.7,233.296,11.3032
2,116.567,258.488,11.8979
2,117.433,219.057,10.9529
2,118.3,236.034,11.3694
2,119.167,239.32,11.4482
2,120.033,232.201,11.2767
2,120.9,227.82,11.1698
2,121.767,194.414,10.3184
2,122.633,188.389,10.1573
2,123.5,180.722,9.94844
2,124.367,187.842,10.1425
2,125.233,200.985,10.4913
2,126.1,194.961,10.3329
2,126.967,192.771,10.2747
2,127.833,164.841,9.50126
2,128.7,173.055,9.73513
2,129.567,151.15,9.09814
3,0.433333,0.0,0.0
3,1.3,0.0,0.0
3,2.16667,0.0,0.0
3,3.03333,0.0,0.0
3,3.9,0.0,0.0
3,4.76667,0.0,0.0
3,5.63333,0.620285,0.25323
3,6.5,3.61833,0.611609
3,7.36667,12.5091,1.13719
3,8.23333,20.6762,1.46203
3,9.1,39.1813,2.01261
3,9.96667,66.5773,2.62351
3,10.8333,94.9036,3.13229
3,11.7,130.777,3.67693
3,12.5667,163.652,4.11321
3,13.4333,209.243,4.65099
3,14.3,246.667,5.04981
3,15.1667,303.526,5.60168
3,16.0333,340.02,5.92887
3,16.9,415.901,6.55715
3,17.7667,469.452,6.96652
3,18.6333,549.262,7.53546
3,19.5,603.847,7.90103
3,20.3667,664.842,8.29047
3,21.2333,753.129,8.82378
3,22.1,790.553,9.04036
3,22.9667,859.405,9.42582
3,23.8333,938.698,9.85106
3,24.7,1030.5,10.3215
3,25.5667,1083.33,10.5828
3,26.4333,1144.22,10.8761
3,27.3,1245.53,11.3474
3,28.1667,1281.2,11.5088
3,29.0333,1350.46,11.8158
3,29.9,1404.43,12.0495
3,30.7667,1416.63,12.1017
3,31.6333,1451.26,12.2488
3,32.5,1493.85,12.4272
3,33.3667,1497.47,12.4423
3,34.2333,1461.7,12.2928
3,35.1,1455.19,12.2653
3,35.9667,1447.33,12.2322
3,36.8333,1426.04,12.1419
3,37.7,1405.57,12.0544
3,38.5667,1378.89,11.9395
3,39.4333,1341.88,11.7782
3,40.3,1347.57,11.8031
3,41.1667,1241.19,11.3276
3,42.0333,1250.91,11.3719
3,42.9,1199.53,11.1359
3,43.7667,1183.71,11.0622
3,44.6333,1197.67,11.1273
3,45.5,1079.61,10.5646
3,46.3667,1055.0,10.4435
3,47.2333,1046.94,10.4035
3,48.1,961.545,9.97022
3,48.9667,974.364,10.0365
3,49.8333,925.775,9.78302
3,50.7,868.709,9.4767
3,51.5667,883.699,9.55812
3,52.4333,858.061,9.41844
3,53.3,786.728,9.01846
3,54.1667,791.794,9.04745
3,55.0333,776.804,8.9614
3,55.9,683.037,8.40315
3,56.7667,683.244,8.40442
3,57.6333,691.618,8.45577
3,58.5,642.202,8.14809
3,59.3667,602.917,7.89494
3,60.2333,603.124,7.89629
3,61.1,579.656,7.74115
3,61.9667,534.686,7.4348
3,62.8333,521.35,7.3415
3,63.7,531.688,7.41393
3,64.5667,523.521,7.35677
3,65.4333,448.259,6.80745
3,66.3,450.844,6.82705
3,67.1667,455.496,6.86218
3,68.0333,427.48,6.6478
3,68.9,395.225,6.39208
3,69.7667,383.956,6.3003
3,70.6333,392.64,6.37115
3,71.5,386.851,6.324
3,72.3667,328.441,5.82705
3,73.2333,325.96,5.805
3,74.1,330.612,5.84628
3,74.9667,331.232,5.85176
3,75.8333,295.256,5.52483
3,76.7,278.611,5.36685
3,77.5667,280.369,5.38375
3,78.4333,285.434,5.43217
3,79.3,276.234,5.3439
3,80.1667,226.404,4.83796
3,81.0333,223.303,4.80471
3,81.9,221.855,4.78911
3,82.7667,219.374,4.76226
3,83.6333,222.889,4.80026
3,84.5,192.598,4.46217
3,85.3667,196.527,4.50745
3,86.2333,187.946,4.40795
3,87.1,190.324,4.43575
3,87.9667,195.08,4.49082
3,88.8333,159.62,4.06222
3,89.7,161.274,4.08322
3,90.5667,160.137,4.06879
3,91.4333,163.032,4.1054
3,92.3,151.556,3.95828
3,93.1667,147.111,3.8998
3,94.0333,132.431,3.70011
3,94.9,123.85,3.57823
3,95.7667,133.982,3.72171
3,96.6333,136.876,3.7617
3,97.5,134.292,3.72602
3,98.3667,107.826,3.33874
3,99.2333,96.0408,3.151
3,100.1,108.55,3.34992
3,100.967,102.14,3.24951
3,101.833,101.106,3.23303
3,102.7,103.794,3.27572
3,103.567,91.492,3.07547
3,104.433,84.3588,2.95315
3,105.3,83.7385,2.94227
3,106.167,88.1839,3.01936
3,107.033,84.4621,2.95496
3,107.9,86.323,2.98733
3,108.767,84.2554,2.95134
3,109.633,70.299,2.69584
3,110.5,76.1917,2.80656
3,111.367,71.3328,2.71559
3,112.233,74.7443,2.77977
3,113.1,69.7821,2.68591
3,113.967,69.2652,2.67595
3,114.833,60.7879,2.50685
3,115.7,56.6527,2.42008
3,116.567,58.3068,2.45516
3,117.433,57.5831,2.43988
3,118.3,59.0305,2.47035
3,119.167,59.8575,2.48759
3,120.033,57.7899,2.44425
3,120.9,52.5175,2.33009
3,121.767,45.5909,2.171
3,122.633,50.2431,2.27907
3,123.5,51.587,2.30935
3,124.367,50.0363,2.27438
3,125.233,46.8315,2.20034
3,126.1,46.6248,2.19547
3,126.967,49.7262,2.26732
3,127.833,39.078,2.00995
3,128.7,37.3205,1.96424
3,129.567,35.8732,1.92577
4,0.433333,0.0,0.0
4,1.3,0.0,0.0
4,2.16667,0.0,0.0
4,3.03333,0.130169,0.0751532
4,3.9,0.0,0.0
4,4.76667,0.0,0.0
4,5.63333,0.0,0.0
4,6.5,0.0,0.0
4,7.36667,0.130169,0.0751532
4,8.23333,1.43186,0.249255
4,9.1,3.12406,0.368174
4,9.96667,6.46507,0.529639
4,10.8333,10.8908,0.687422
4,11.7,19.5254,0.920435
4,12.5667,22.6928,0.992287
4,13.4333,35.5362,1.24173
4,14.3,43.2161,1.36936
4,15.1667,51.1998,1.49049
4,16.0333,63.8262,1.66415
4,16.9,84.957,1.91996
4,17.7667,100.751,2.09083
4,18.6333,121.838,2.29924
4,19.5,128.477,2.36105
4,20.3667,148.349,2.53709
4,21.2333,164.404,2.67085
4,22.1,173.298,2.74215
4,22.9667,194.299,2.90355
4,23.8333,215.994,3.06136
4,24.7,234.435,3.18936
4,25.5667,253.917,3.31924
4,26.4333,272.444,3.43821
4,27.3,291.883,3.55875
4,28.1667,309.716,3.66585
4,29.0333,335.055,3.81287
4,29.9,345.599,3.87239
4,30.7667,393.284,4.13092
4,31.6333,397.58,4.15342
4,32.5,410.206,4.21885
4,33.3667,437.325,4.35608
4,34.2333,455.896,4.4476
4,35.1,477.634,4.5524
4,35.9667,504.796,4.68006
4,36.8333,502.843,4.671
4,37.7,531.133,4.8006
4,38.5667,536.297,4.82387
4,39.4333,548.533,4.87859
4,40.3,550.919,4.88919
4,41.1667,558.816,4.92411
4,42.0333,571.182,4.97829
4,42.9,565.324,4.9527
4,43.7667,565.238,4.95232
4,44.6333,546.233,4.86836
4,45.5,539.508,4.83829
4,46.3667,539.551,4.83849
4,47.2333,527.185,4.78272
4,48.1,513.43,4.71991
4,48.9667,510.87,4.70813
4,49.8333,509.742,4.70293
4,50.7,472.21,4.52648
4,51.5667,469.91,4.51545
4,52.4333,468.348,4.50794
4,53.3,432.509,4.33202
4,54.1667,433.854,4.33875
4,55.0333,429.905,4.31896
4,55.9,398.187,4.15659
4,56.7667,383.261,4.07794
4,57.6333,388.121,4.10371
4,58.5,375.104,4.03431
4,59.3667,340.219,3.84213
4,60.2333,341.39,3.84874
4,61.1,340.219,3.84213
4,61.9667,306.548,3.64706
4,62.8333,291.752,3.55796
4,63.7,293.141,3.56641
4,64.5667,296.091,3.58431
4,65.4333,263.289,3.37994
4,66.3,266.89,3.40298
4,67.1667,263.853,3.38356
4,68.0333,263.983,3.3844
4,68.9,227.319,3.14059
4,69.7667,227.188,3.13969
4,70.6333,227.319,3.14059
4,71.5,219.508,3.08616
4,72.3667,195.774,2.91455
4,73.2333,189.049,2.86405
4,74.1,195.34,2.91132
4,74.9667,191.609,2.88338
4,75.8333,177.247,2.77321
4,76.7,164.664,2.67296
4,77.5667,163.406,2.66273
4,78.4333,159.023,2.62678
4,79.3,160.889,2.64214
4,80.1667,138.24,2.44912
4,81.0333,130.863,2.38288
4,81.9,129.518,2.3706
4,82.7667,132.078,2.39392
4,83.6333,133.727,2.40881
4,84.5,111.034,2.19494
4,85.3667,111.642,2.20093
4,86.2333,111.381,2.19836
4,87.1,109.906,2.18376
4,87.9667,110.687,2.1915
4,88.8333,101.098,2.09442
4,89.7,91.5523,1.99309
4,90.5667,88.5584,1.96023
4,91.4333,87.0397,1.94335
4,92.3,90.7713,1.98457
4,93.1667,89.0357,1.96551
4,94.0333,74.1096,1.79321
4,94.9,78.1882,1.84189
4,95.7667,76.4093,1.82082
4,96.6333,78.0147,1.83985
4,97.5,75.932,1.81512
4,98.3667,70.0744,1.7437
4,99.2333,60.6588,1.62233
4,100.1,58.4893,1.59306
4,100.967,62.4378,1.64595
4,101.833,59.1835,1.60248
4,102.7,62.6547,1.64881
4,103.567,56.5368,1.56624
4,104.433,49.2039,1.46114
4,105.3,50.5056,1.48035
4,106.167,48.206,1.44625
4,107.033,49.6378,1.46757
4,107.9,48.2493,1.4469
4,108.767,48.77,1.45469
4,109.633,38.7036,1.29589
4,110.5,41.2636,1.33806
4,111.367,41.1768,1.33666
4,112.233,40.309,1.3225
4,113.1,41.0033,1.33384
4,113.967,41.4806,1.34158
4,114.833,35.8399,1.24703
4,115.7,28.8541,1.11892
4,116.567,30.9369,1.15859
4,117.433,31.3274,1.16588
4,118.3,31.5009,1.16911
4,119.167,31.0236,1.16022
4,120.033,31.6311,1.17152
4,120.9,29.3314,1.12813
4,121.767,24.9057,1.03954
4,122.633,26.2508,1.06725
4,123.5,25.7301,1.05661
4,124.367,24.0813,1.02219
4,125.233,26.2074,1.06636
4,126.1,22.7796,0.994183
4,126.967,25.4264,1.05035
4,127.833,21.3043,0.961452
4,128.7,21.8684,0.974096
4,129.567,20.5667,0.944661
